{
    "Accuracy": 0.4859948964453148,
    "Precision_Macro": 0.47719316673449913,
    "Recall_Macro": 0.47444198504615437,
    "F1_Score_Macro": 0.47566959575632023,
    "Average_nDCG@4": 0.7390645226686735
}