{
    "Accuracy": 0.3009910391074714,
    "Precision_Macro": 0.31605667613661936,
    "Recall_Macro": 0.31288476725163883,
    "F1_Score_Macro": 0.3007712370877407,
    "Average_nDCG@10": 0.726503811714105
}